epsilon,shokri_mi_adv,attack_adv,tpr,fpr,run
0.1,0.216,0.6956521739130435,[0.    0.384 1.   ],[0.    0.168 1.   ],0
0.1,0.288,1.0,[0.    0.288 1.   ],[0. 0. 1.],1
0.1,0.392,1.0,[0.    0.392 1.   ],[0. 0. 1.],2
0.1,-0.504,0.311377245508982,[0.    0.416 1.   ],[0.   0.92 1.  ],3
0.1,0.24,0.6923076923076923,[0.    0.432 1.   ],[0.    0.192 1.   ],4
0.1,-0.5599999999999999,0.24637681159420288,[0.    0.272 1.   ],[0.    0.832 1.   ],5
0.1,-0.264,0.4126984126984127,[0.    0.624 1.   ],[0.    0.888 1.   ],6
0.1,0.02400000000000002,0.5194805194805195,[0.   0.32 1.  ],[0.    0.296 1.   ],7
0.1,0.304,0.8518518518518519,[0.    0.368 1.   ],[0.    0.064 1.   ],8
0.1,0.11200000000000002,0.6590909090909092,[0.    0.232 1.   ],[0.   0.12 1.  ],9
0.1,-0.6000000000000001,0.25806451612903225,[0.   0.32 1.  ],[0.   0.92 1.  ],10
0.1,0.352,0.9583333333333333,[0.    0.368 1.   ],[0.    0.016 1.   ],11
0.1,0.264,1.0,[0.    0.264 1.   ],[0. 0. 1.],12
0.1,0.34400000000000003,0.7945205479452054,[0.    0.464 1.   ],[0.   0.12 1.  ],13
0.1,-0.21599999999999997,0.40939597315436244,[0.    0.488 1.   ],[0.    0.704 1.   ],14
0.1,0.352,0.8548387096774194,[0.    0.424 1.   ],[0.    0.072 1.   ],15
0.1,-0.392,0.36464088397790057,[0.    0.528 1.   ],[0.   0.92 1.  ],16
0.1,0.11199999999999999,0.553030303030303,[0.    0.584 1.   ],[0.    0.472 1.   ],17
0.1,0.552,1.0,[0.    0.552 1.   ],[0. 0. 1.],18
0.1,-0.496,0.3037974683544304,[0.    0.384 1.   ],[0.   0.88 1.  ],19
0.1,-0.528,0.29878048780487804,[0.    0.392 1.   ],[0.   0.92 1.  ],20
0.1,0.408,1.0,[0.    0.408 1.   ],[0. 0. 1.],21
0.1,-0.376,0.36723163841807915,[0.   0.52 1.  ],[0.    0.896 1.   ],22
0.1,0.264,0.7796610169491526,[0.    0.368 1.   ],[0.    0.104 1.   ],23
0.1,-0.616,0.27745664739884396,[0.    0.384 1.   ],[0. 1. 1.],24
0.1,0.392,1.0,[0.    0.392 1.   ],[0. 0. 1.],25
0.1,0.448,1.0,[0.    0.448 1.   ],[0. 0. 1.],26
0.1,0.368,0.8194444444444444,[0.    0.472 1.   ],[0.    0.104 1.   ],27
0.1,0.552,1.0,[0.    0.552 1.   ],[0. 0. 1.],28
0.1,0.16000000000000003,0.5833333333333334,[0.   0.56 1.  ],[0.  0.4 1. ],29
0.1,0.416,1.0,[0.    0.416 1.   ],[0. 0. 1.],30
0.1,0.03199999999999997,0.520408163265306,[0.    0.408 1.   ],[0.    0.376 1.   ],31
0.1,-0.19199999999999995,0.43333333333333335,[0.    0.624 1.   ],[0.    0.816 1.   ],32
0.1,-0.35200000000000004,0.3253968253968254,[0.    0.328 1.   ],[0.   0.68 1.  ],33
0.1,0.11200000000000004,0.57,[0.    0.456 1.   ],[0.    0.344 1.   ],34
0.1,0.304,0.7968749999999999,[0.    0.408 1.   ],[0.    0.104 1.   ],35
0.1,0.376,1.0,[0.    0.376 1.   ],[0. 0. 1.],36
0.1,0.52,0.9333333333333332,[0.   0.56 1.  ],[0.   0.04 1.  ],37
0.1,0.552,1.0,[0.    0.552 1.   ],[0. 0. 1.],38
0.1,0.392,0.888888888888889,[0.    0.448 1.   ],[0.    0.056 1.   ],39
0.1,0.02400000000000002,0.52,[0.    0.312 1.   ],[0.    0.288 1.   ],40
0.1,0.392,0.8266666666666667,[0.    0.496 1.   ],[0.    0.104 1.   ],41
0.1,-0.536,0.2893081761006289,[0.    0.368 1.   ],[0.    0.904 1.   ],42
0.1,0.184,0.632183908045977,[0.   0.44 1.  ],[0.    0.256 1.   ],43
0.1,-0.64,0.20588235294117646,[0.    0.224 1.   ],[0.    0.864 1.   ],44
0.1,0.544,1.0,[0.    0.544 1.   ],[0. 0. 1.],45
0.1,0.368,0.8194444444444444,[0.    0.472 1.   ],[0.    0.104 1.   ],46
0.1,0.328,1.0,[0.    0.328 1.   ],[0. 0. 1.],47
0.1,0.336,0.7386363636363638,[0.   0.52 1.  ],[0.    0.184 1.   ],48
0.1,0.344,1.0,[0.    0.344 1.   ],[0. 0. 1.],49
0.5,-0.184,0.41353383458646614,[0.   0.44 1.  ],[0.    0.624 1.   ],0
0.5,0.19999999999999998,0.6506024096385542,[0.    0.432 1.   ],[0.    0.232 1.   ],1
0.5,0.13599999999999998,0.6133333333333334,[0.    0.368 1.   ],[0.    0.232 1.   ],2
0.5,0.248,0.6962025316455697,[0.   0.44 1.  ],[0.    0.192 1.   ],3
0.5,-0.12000000000000005,0.4358974358974359,[0.    0.408 1.   ],[0.    0.528 1.   ],4
0.5,0.28,0.7692307692307693,[0.  0.4 1. ],[0.   0.12 1.  ],5
0.5,0.43200000000000005,0.8461538461538461,[0.    0.528 1.   ],[0.    0.096 1.   ],6
0.5,0.32000000000000006,0.7000000000000001,[0.   0.56 1.  ],[0.   0.24 1.  ],7
0.5,-0.32,0.3611111111111111,[0.    0.416 1.   ],[0.    0.736 1.   ],8
0.5,-0.456,0.32727272727272727,[0.    0.432 1.   ],[0.    0.888 1.   ],9
0.5,0.336,1.0,[0.    0.336 1.   ],[0. 0. 1.],10
0.5,0.416,1.0,[0.    0.416 1.   ],[0. 0. 1.],11
0.5,0.152,0.6233766233766234,[0.    0.384 1.   ],[0.    0.232 1.   ],12
0.5,0.29600000000000004,0.8135593220338984,[0.    0.384 1.   ],[0.    0.088 1.   ],13
0.5,-0.184,0.4094488188976378,[0.    0.416 1.   ],[0.  0.6 1. ],14
0.5,0.552,1.0,[0.    0.552 1.   ],[0. 0. 1.],15
0.5,0.264,0.8837209302325582,[0.    0.304 1.   ],[0.   0.04 1.  ],16
0.5,-0.055999999999999994,0.46315789473684205,[0.    0.352 1.   ],[0.    0.408 1.   ],17
0.5,-0.176,0.42028985507246375,[0.    0.464 1.   ],[0.   0.64 1.  ],18
0.5,-0.32799999999999996,0.35251798561151076,[0.    0.392 1.   ],[0.   0.72 1.  ],19
0.5,-0.023999999999999966,0.48192771084337355,[0.   0.32 1.  ],[0.    0.344 1.   ],20
0.5,0.232,0.7230769230769231,[0.    0.376 1.   ],[0.    0.144 1.   ],21
0.5,-0.264,0.3700787401574803,[0.    0.376 1.   ],[0.   0.64 1.  ],22
0.5,0.424,1.0,[0.    0.424 1.   ],[0. 0. 1.],23
0.5,0.304,0.7209302325581396,[0.    0.496 1.   ],[0.    0.192 1.   ],24
0.5,0.376,0.7901234567901234,[0.    0.512 1.   ],[0.    0.136 1.   ],25
0.5,0.10399999999999998,0.5474452554744524,[0.  0.6 1. ],[0.    0.496 1.   ],26
0.5,-0.17599999999999996,0.3625,[0.    0.232 1.   ],[0.    0.408 1.   ],27
0.5,0.256,0.7666666666666667,[0.    0.368 1.   ],[0.    0.112 1.   ],28
0.5,-0.128,0.4298245614035088,[0.    0.392 1.   ],[0.   0.52 1.  ],29
0.5,0.344,0.9777777777777777,[0.    0.352 1.   ],[0.    0.008 1.   ],30
0.5,0.376,0.912280701754386,[0.    0.416 1.   ],[0.   0.04 1.  ],31
0.5,-0.1359999999999999,0.44585987261146504,[0.   0.56 1.  ],[0.    0.696 1.   ],32
0.5,0.256,1.0,[0.    0.256 1.   ],[0. 0. 1.],33
0.5,-0.264,0.39215686274509803,[0.   0.48 1.  ],[0.    0.744 1.   ],34
0.5,0.448,1.0,[0.    0.448 1.   ],[0. 0. 1.],35
0.5,-0.08000000000000002,0.45283018867924524,[0.    0.384 1.   ],[0.    0.464 1.   ],36
0.5,0.24800000000000003,0.7246376811594203,[0.  0.4 1. ],[0.    0.152 1.   ],37
0.5,-0.16799999999999998,0.4198473282442748,[0.   0.44 1.  ],[0.    0.608 1.   ],38
0.5,-0.08800000000000002,0.4513274336283186,[0.    0.408 1.   ],[0.    0.496 1.   ],39
0.5,0.05600000000000005,0.5220125786163522,[0.    0.664 1.   ],[0.    0.608 1.   ],40
0.5,0.30400000000000005,0.6938775510204082,[0.    0.544 1.   ],[0.   0.24 1.  ],41
0.5,0.07200000000000001,0.5454545454545454,[0.    0.432 1.   ],[0.   0.36 1.  ],42
0.5,0.27199999999999996,0.7023809523809524,[0.    0.472 1.   ],[0.  0.2 1. ],43
0.5,-0.02400000000000002,0.48672566371681414,[0.   0.44 1.  ],[0.    0.464 1.   ],44
0.5,0.43999999999999995,0.8089887640449438,[0.    0.576 1.   ],[0.    0.136 1.   ],45
0.5,0.368,0.8285714285714285,[0.    0.464 1.   ],[0.    0.096 1.   ],46
0.5,-0.16000000000000003,0.43975903614457834,[0.    0.584 1.   ],[0.    0.744 1.   ],47
0.5,-0.04799999999999993,0.4779411764705882,[0.   0.52 1.  ],[0.    0.568 1.   ],48
0.5,0.36,0.9787234042553191,[0.    0.368 1.   ],[0.    0.008 1.   ],49
0.7,0.27999999999999997,0.663551401869159,[0.    0.568 1.   ],[0.    0.288 1.   ],0
0.7,0.016000000000000014,0.5113636363636364,[0.   0.36 1.  ],[0.    0.344 1.   ],1
0.7,0.055999999999999994,0.5346534653465346,[0.    0.432 1.   ],[0.    0.376 1.   ],2
0.7,0.368,0.859375,[0.   0.44 1.  ],[0.    0.072 1.   ],3
0.7,0.304,0.7714285714285714,[0.    0.432 1.   ],[0.    0.128 1.   ],4
0.7,0.184,0.6292134831460675,[0.    0.448 1.   ],[0.    0.264 1.   ],5
0.7,0.328,0.8059701492537313,[0.    0.432 1.   ],[0.    0.104 1.   ],6
0.7,-0.14400000000000002,0.4470588235294118,[0.    0.608 1.   ],[0.    0.752 1.   ],7
0.7,0.296,0.8775510204081632,[0.    0.344 1.   ],[0.    0.048 1.   ],8
0.7,0.23199999999999998,0.7457627118644068,[0.    0.352 1.   ],[0.   0.12 1.  ],9
0.7,0.20799999999999996,0.6101694915254238,[0.    0.576 1.   ],[0.    0.368 1.   ],10
0.7,0.272,0.717948717948718,[0.    0.448 1.   ],[0.    0.176 1.   ],11
0.7,0.03200000000000003,0.515625,[0.    0.528 1.   ],[0.    0.496 1.   ],12
0.7,0.11199999999999999,0.5897435897435898,[0.    0.368 1.   ],[0.    0.256 1.   ],13
0.7,0.24800000000000005,0.6448598130841121,[0.    0.552 1.   ],[0.    0.304 1.   ],14
0.7,0.040000000000000036,0.5263157894736842,[0.  0.4 1. ],[0.   0.36 1.  ],15
0.7,-0.28800000000000003,0.3656716417910448,[0.    0.392 1.   ],[0.   0.68 1.  ],16
0.7,-0.39999999999999997,0.34375,[0.   0.44 1.  ],[0.   0.84 1.  ],17
0.7,-0.008000000000000007,0.4942528735632184,[0.    0.344 1.   ],[0.    0.352 1.   ],18
0.7,-0.09599999999999997,0.45714285714285713,[0.    0.512 1.   ],[0.    0.608 1.   ],19
0.7,0.12,0.5700934579439252,[0.    0.488 1.   ],[0.    0.368 1.   ],20
0.7,-0.136,0.45549738219895286,[0.    0.696 1.   ],[0.    0.832 1.   ],21
0.7,-0.256,0.4166666666666667,[0.   0.64 1.  ],[0.    0.896 1.   ],22
0.7,0.432,0.9090909090909091,[0.   0.48 1.  ],[0.    0.048 1.   ],23
0.7,0.26399999999999996,0.8113207547169811,[0.    0.344 1.   ],[0.   0.08 1.  ],24
0.7,0.248,0.7012987012987013,[0.    0.432 1.   ],[0.    0.184 1.   ],25
0.7,-0.20800000000000007,0.42613636363636365,[0.  0.6 1. ],[0.    0.808 1.   ],26
0.7,0.28800000000000003,0.78125,[0.  0.4 1. ],[0.    0.112 1.   ],27
0.7,-0.36,0.37288135593220345,[0.    0.528 1.   ],[0.    0.888 1.   ],28
0.7,0.512,1.0,[0.    0.512 1.   ],[0. 0. 1.],29
0.7,0.14400000000000002,0.6153846153846154,[0.    0.384 1.   ],[0.   0.24 1.  ],30
0.7,0.2,0.616822429906542,[0.    0.528 1.   ],[0.    0.328 1.   ],31
0.7,0.34400000000000003,0.7471264367816093,[0.   0.52 1.  ],[0.    0.176 1.   ],32
0.7,0.416,0.8714285714285716,[0.    0.488 1.   ],[0.    0.072 1.   ],33
0.7,0.2,0.6436781609195403,[0.    0.448 1.   ],[0.    0.248 1.   ],34
0.7,0.13599999999999998,0.6133333333333334,[0.    0.368 1.   ],[0.    0.232 1.   ],35
0.7,0.128,1.0,[0.    0.128 1.   ],[0. 0. 1.],36
0.7,-0.264,0.39072847682119205,[0.    0.472 1.   ],[0.    0.736 1.   ],37
0.7,-0.29599999999999993,0.393063583815029,[0.    0.544 1.   ],[0.   0.84 1.  ],38
0.7,0.216,0.6626506024096386,[0.   0.44 1.  ],[0.    0.224 1.   ],39
0.7,0.16800000000000004,0.5945945945945946,[0.    0.528 1.   ],[0.   0.36 1.  ],40
0.7,0.38400000000000006,0.7608695652173914,[0.   0.56 1.  ],[0.    0.176 1.   ],41
0.7,-0.15200000000000002,0.44311377245508987,[0.    0.592 1.   ],[0.    0.744 1.   ],42
0.7,0.32799999999999996,0.8153846153846154,[0.    0.424 1.   ],[0.    0.096 1.   ],43
0.7,0.04799999999999999,0.5454545454545454,[0.    0.288 1.   ],[0.   0.24 1.  ],44
0.7,-0.22399999999999998,0.38524590163934425,[0.    0.376 1.   ],[0.  0.6 1. ],45
0.7,0.424,0.9649122807017544,[0.   0.44 1.  ],[0.    0.016 1.   ],46
0.7,0.256,0.66,[0.    0.528 1.   ],[0.    0.272 1.   ],47
0.7,0.392,0.810126582278481,[0.    0.512 1.   ],[0.   0.12 1.  ],48
0.7,0.20799999999999996,0.589041095890411,[0.    0.688 1.   ],[0.   0.48 1.  ],49
1.0,0.29600000000000004,0.6831683168316832,[0.    0.552 1.   ],[0.    0.256 1.   ],0
1.0,0.328,0.7252747252747254,[0.    0.528 1.   ],[0.  0.2 1. ],1
1.0,-0.10399999999999998,0.4525547445255474,[0.    0.496 1.   ],[0.  0.6 1. ],2
1.0,0.13600000000000007,0.5714285714285715,[0.    0.544 1.   ],[0.    0.408 1.   ],3
1.0,0.016000000000000014,0.5096153846153846,[0.    0.424 1.   ],[0.    0.408 1.   ],4
1.0,0.05600000000000005,0.5376344086021506,[0.  0.4 1. ],[0.    0.344 1.   ],5
1.0,0.31999999999999995,0.696078431372549,[0.    0.568 1.   ],[0.    0.248 1.   ],6
1.0,0.36,0.8461538461538461,[0.   0.44 1.  ],[0.   0.08 1.  ],7
1.0,-0.22399999999999998,0.4213483146067416,[0.  0.6 1. ],[0.    0.824 1.   ],8
1.0,-0.23999999999999994,0.3943661971830986,[0.    0.448 1.   ],[0.    0.688 1.   ],9
1.0,0.368,1.0,[0.    0.368 1.   ],[0. 0. 1.],10
1.0,-0.10399999999999998,0.46153846153846156,[0.    0.624 1.   ],[0.    0.728 1.   ],11
1.0,0.496,0.8163265306122449,[0.   0.64 1.  ],[0.    0.144 1.   ],12
1.0,-0.128,0.44202898550724634,[0.    0.488 1.   ],[0.    0.616 1.   ],13
1.0,-0.17600000000000005,0.43820224719101125,[0.    0.624 1.   ],[0.  0.8 1. ],14
1.0,0.23200000000000004,0.6090225563909775,[0.    0.648 1.   ],[0.    0.416 1.   ],15
1.0,-0.14400000000000002,0.4451219512195122,[0.    0.584 1.   ],[0.    0.728 1.   ],16
1.0,0.352,0.72,[0.    0.576 1.   ],[0.    0.224 1.   ],17
1.0,0.416,0.8611111111111112,[0.    0.496 1.   ],[0.   0.08 1.  ],18
1.0,-0.11199999999999999,0.4539473684210526,[0.    0.552 1.   ],[0.    0.664 1.   ],19
1.0,0.16000000000000003,0.6063829787234043,[0.    0.456 1.   ],[0.    0.296 1.   ],20
1.0,-0.12000000000000002,0.38805970149253727,[0.    0.208 1.   ],[0.    0.328 1.   ],21
1.0,0.055999999999999994,0.5315315315315315,[0.    0.472 1.   ],[0.    0.416 1.   ],22
1.0,-0.016000000000000014,0.4897959183673469,[0.    0.384 1.   ],[0.  0.4 1. ],23
1.0,-0.16000000000000003,0.4305555555555555,[0.    0.496 1.   ],[0.    0.656 1.   ],24
1.0,-0.12799999999999995,0.4365079365079365,[0.   0.44 1.  ],[0.    0.568 1.   ],25
1.0,0.28,0.6732673267326733,[0.    0.544 1.   ],[0.    0.264 1.   ],26
1.0,-0.31200000000000006,0.3773584905660377,[0.   0.48 1.  ],[0.    0.792 1.   ],27
1.0,-0.01599999999999996,0.49019607843137253,[0.  0.4 1. ],[0.    0.416 1.   ],28
1.0,-0.07999999999999996,0.46268656716417905,[0.    0.496 1.   ],[0.    0.576 1.   ],29
1.0,-0.45599999999999996,0.35078534031413616,[0.    0.536 1.   ],[0.    0.992 1.   ],30
1.0,-0.09599999999999997,0.45945945945945943,[0.    0.544 1.   ],[0.   0.64 1.  ],31
1.0,-0.08000000000000007,0.4671052631578947,[0.    0.568 1.   ],[0.    0.648 1.   ],32
1.0,0.08799999999999997,0.5604395604395604,[0.    0.408 1.   ],[0.   0.32 1.  ],33
1.0,0.184,0.6575342465753424,[0.    0.384 1.   ],[0.  0.2 1. ],34
1.0,0.055999999999999994,0.5315315315315315,[0.    0.472 1.   ],[0.    0.416 1.   ],35
1.0,0.312,0.7746478873239436,[0.   0.44 1.  ],[0.    0.128 1.   ],36
1.0,-0.28,0.40641711229946526,[0.    0.608 1.   ],[0.    0.888 1.   ],37
1.0,0.16800000000000004,0.5963302752293578,[0.   0.52 1.  ],[0.    0.352 1.   ],38
1.0,-0.008000000000000007,0.4954128440366972,[0.    0.432 1.   ],[0.   0.44 1.  ],39
1.0,0.192,0.625,[0.   0.48 1.  ],[0.    0.288 1.   ],40
1.0,0.21600000000000003,0.651685393258427,[0.    0.464 1.   ],[0.    0.248 1.   ],41
1.0,-0.16800000000000004,0.4275862068965517,[0.    0.496 1.   ],[0.    0.664 1.   ],42
1.0,-0.30399999999999994,0.38554216867469887,[0.    0.512 1.   ],[0.    0.816 1.   ],43
1.0,-0.37599999999999995,0.3522012578616352,[0.    0.448 1.   ],[0.    0.824 1.   ],44
1.0,0.264,0.7894736842105263,[0.   0.36 1.  ],[0.    0.096 1.   ],45
1.0,-0.304,0.36986301369863017,[0.    0.432 1.   ],[0.    0.736 1.   ],46
1.0,-0.29600000000000004,0.3565891472868217,[0.    0.368 1.   ],[0.    0.664 1.   ],47
1.0,-0.1359999999999999,0.44516129032258067,[0.    0.552 1.   ],[0.    0.688 1.   ],48
1.0,0.368,0.7674418604651162,[0.    0.528 1.   ],[0.   0.16 1.  ],49
1.5,-0.06400000000000006,0.47468354430379744,[0.  0.6 1. ],[0.    0.664 1.   ],0
1.5,-0.08799999999999997,0.46308724832214765,[0.    0.552 1.   ],[0.   0.64 1.  ],1
1.5,-0.09599999999999997,0.4634146341463415,[0.    0.608 1.   ],[0.    0.704 1.   ],2
1.5,0.32,0.7272727272727273,[0.    0.512 1.   ],[0.    0.192 1.   ],3
1.5,-0.20799999999999996,0.4155844155844156,[0.    0.512 1.   ],[0.   0.72 1.  ],4
1.5,-0.17600000000000005,0.42361111111111105,[0.    0.488 1.   ],[0.    0.664 1.   ],5
1.5,0.08799999999999997,0.5495495495495495,[0.    0.488 1.   ],[0.  0.4 1. ],6
1.5,0.28800000000000003,0.6914893617021277,[0.   0.52 1.  ],[0.    0.232 1.   ],7
1.5,0.11200000000000004,0.5686274509803921,[0.    0.464 1.   ],[0.    0.352 1.   ],8
1.5,-0.03999999999999998,0.4782608695652174,[0.   0.44 1.  ],[0.   0.48 1.  ],9
1.5,-0.03999999999999998,0.4782608695652174,[0.   0.44 1.  ],[0.   0.48 1.  ],10
1.5,0.04799999999999993,0.5176470588235295,[0.    0.704 1.   ],[0.    0.656 1.   ],11
1.5,0.07199999999999995,0.5254237288135594,[0.    0.744 1.   ],[0.    0.672 1.   ],12
1.5,-0.15200000000000008,0.4214876033057851,[0.    0.408 1.   ],[0.   0.56 1.  ],13
1.5,-0.023999999999999966,0.4873949579831933,[0.    0.464 1.   ],[0.    0.488 1.   ],14
1.5,0.2,0.5899280575539568,[0.    0.656 1.   ],[0.    0.456 1.   ],15
1.5,-0.21600000000000008,0.4328358208955223,[0.    0.696 1.   ],[0.    0.912 1.   ],16
1.5,0.17600000000000005,0.5948275862068966,[0.    0.552 1.   ],[0.    0.376 1.   ],17
1.5,-0.07200000000000006,0.46511627906976744,[0.   0.48 1.  ],[0.    0.552 1.   ],18
1.5,-0.312,0.3708609271523179,[0.    0.448 1.   ],[0.   0.76 1.  ],19
1.5,-0.04800000000000004,0.4769230769230769,[0.    0.496 1.   ],[0.    0.544 1.   ],20
1.5,-0.04800000000000004,0.4769230769230769,[0.    0.496 1.   ],[0.    0.544 1.   ],21
1.5,-0.136,0.44785276073619634,[0.    0.584 1.   ],[0.   0.72 1.  ],22
1.5,-0.05599999999999994,0.47619047619047616,[0.   0.56 1.  ],[0.    0.616 1.   ],23
1.5,-0.19199999999999995,0.426829268292683,[0.   0.56 1.  ],[0.    0.752 1.   ],24
1.5,-0.008000000000000007,0.4962962962962963,[0.    0.536 1.   ],[0.    0.544 1.   ],25
1.5,0.15200000000000002,0.5904761904761905,[0.    0.496 1.   ],[0.    0.344 1.   ],26
1.5,0.2,0.5984251968503936,[0.    0.608 1.   ],[0.    0.408 1.   ],27
1.5,-0.304,0.36986301369863017,[0.    0.432 1.   ],[0.    0.736 1.   ],28
1.5,0.208,0.6666666666666666,[0.    0.416 1.   ],[0.    0.208 1.   ],29
1.5,-0.02399999999999991,0.4892086330935252,[0.    0.544 1.   ],[0.    0.568 1.   ],30
1.5,0.20800000000000002,0.6274509803921569,[0.    0.512 1.   ],[0.    0.304 1.   ],31
1.5,0.368,0.7613636363636364,[0.    0.536 1.   ],[0.    0.168 1.   ],32
1.5,-0.055999999999999994,0.46391752577319584,[0.   0.36 1.  ],[0.    0.416 1.   ],33
1.5,-0.10399999999999998,0.4673366834170854,[0.    0.744 1.   ],[0.    0.848 1.   ],34
1.5,0.184,0.7346938775510204,[0.    0.288 1.   ],[0.    0.104 1.   ],35
1.5,-0.02400000000000002,0.4881889763779527,[0.    0.496 1.   ],[0.   0.52 1.  ],36
1.5,-0.17600000000000005,0.4256756756756756,[0.    0.504 1.   ],[0.   0.68 1.  ],37
1.5,-0.07999999999999996,0.4662162162162162,[0.    0.552 1.   ],[0.    0.632 1.   ],38
1.5,-0.18399999999999994,0.4391534391534392,[0.    0.664 1.   ],[0.    0.848 1.   ],39
1.5,-0.14400000000000002,0.4347826086956521,[0.   0.48 1.  ],[0.    0.624 1.   ],40
1.5,0.10399999999999998,0.6101694915254238,[0.    0.288 1.   ],[0.    0.184 1.   ],41
1.5,0.02400000000000002,0.5089820359281437,[0.   0.68 1.  ],[0.    0.656 1.   ],42
1.5,0.16799999999999998,0.6019417475728155,[0.    0.496 1.   ],[0.    0.328 1.   ],43
1.5,-0.12,0.4571428571428572,[0.   0.64 1.  ],[0.   0.76 1.  ],44
1.5,0.11199999999999999,0.5443037974683544,[0.    0.688 1.   ],[0.    0.576 1.   ],45
1.5,0.20800000000000002,0.6181818181818182,[0.    0.544 1.   ],[0.    0.336 1.   ],46
1.5,-0.05599999999999994,0.47586206896551725,[0.    0.552 1.   ],[0.    0.608 1.   ],47
1.5,-0.04800000000000004,0.4797297297297297,[0.    0.568 1.   ],[0.    0.616 1.   ],48
1.5,0.168,0.64,[0.    0.384 1.   ],[0.    0.216 1.   ],49
2.0,0.128,0.556338028169014,[0.    0.632 1.   ],[0.    0.504 1.   ],0
2.0,-0.08799999999999997,0.4674556213017752,[0.    0.632 1.   ],[0.   0.72 1.  ],1
2.0,0.08000000000000002,0.5409836065573771,[0.    0.528 1.   ],[0.    0.448 1.   ],2
2.0,-0.008000000000000007,0.49624060150375937,[0.    0.528 1.   ],[0.    0.536 1.   ],3
2.0,0.144,0.6607142857142857,[0.    0.296 1.   ],[0.    0.152 1.   ],4
2.0,0.016000000000000014,0.5076923076923077,[0.    0.528 1.   ],[0.    0.512 1.   ],5
2.0,-0.192,0.41304347826086957,[0.    0.456 1.   ],[0.    0.648 1.   ],6
2.0,0.02400000000000002,0.5085714285714286,[0.    0.712 1.   ],[0.    0.688 1.   ],7
2.0,0.016000000000000014,0.5066666666666667,[0.    0.608 1.   ],[0.    0.592 1.   ],8
2.0,-0.16000000000000003,0.43902439024390244,[0.    0.576 1.   ],[0.    0.736 1.   ],9
2.0,0.016000000000000014,0.5072463768115942,[0.   0.56 1.  ],[0.    0.544 1.   ],10
2.0,-0.22399999999999998,0.4270833333333333,[0.    0.656 1.   ],[0.   0.88 1.  ],11
2.0,-0.19200000000000006,0.41666666666666663,[0.   0.48 1.  ],[0.    0.672 1.   ],12
2.0,0.008000000000000007,0.503448275862069,[0.    0.584 1.   ],[0.    0.576 1.   ],13
2.0,-0.08799999999999997,0.46666666666666673,[0.    0.616 1.   ],[0.    0.704 1.   ],14
2.0,0.02400000000000002,0.5103448275862069,[0.    0.592 1.   ],[0.    0.568 1.   ],15
2.0,-0.040000000000000036,0.48299319727891155,[0.    0.568 1.   ],[0.    0.608 1.   ],16
2.0,-0.24,0.42346938775510207,[0.    0.664 1.   ],[0.    0.904 1.   ],17
2.0,0.0,0.5,[0.    0.744 1.   ],[0.    0.744 1.   ],18
2.0,-0.040000000000000036,0.4832214765100671,[0.    0.576 1.   ],[0.    0.616 1.   ],19
2.0,0.176,0.5873015873015872,[0.    0.592 1.   ],[0.    0.416 1.   ],20
2.0,0.11200000000000004,0.5555555555555556,[0.   0.56 1.  ],[0.    0.448 1.   ],21
2.0,0.176,0.582089552238806,[0.    0.624 1.   ],[0.    0.448 1.   ],22
2.0,-0.16000000000000003,0.43902439024390244,[0.    0.576 1.   ],[0.    0.736 1.   ],23
2.0,-0.23199999999999998,0.40764331210191085,[0.    0.512 1.   ],[0.    0.744 1.   ],24
2.0,-0.064,0.4629629629629629,[0.  0.4 1. ],[0.    0.464 1.   ],25
2.0,0.04800000000000004,0.5230769230769231,[0.    0.544 1.   ],[0.    0.496 1.   ],26
2.0,-0.19200000000000006,0.43258426966292135,[0.    0.616 1.   ],[0.    0.808 1.   ],27
2.0,0.0,0.5,[0.    0.632 1.   ],[0.    0.632 1.   ],28
2.0,-0.07999999999999996,0.463235294117647,[0.    0.504 1.   ],[0.    0.584 1.   ],29
2.0,0.008000000000000007,0.5031847133757962,[0.    0.632 1.   ],[0.    0.624 1.   ],30
2.0,0.0,0.5,[0.    0.664 1.   ],[0.    0.664 1.   ],31
2.0,0.15200000000000002,0.5655172413793103,[0.    0.656 1.   ],[0.    0.504 1.   ],32
2.0,0.07200000000000001,0.5398230088495576,[0.    0.488 1.   ],[0.    0.416 1.   ],33
2.0,-0.015999999999999903,0.4941176470588236,[0.    0.672 1.   ],[0.    0.688 1.   ],34
2.0,-0.16800000000000004,0.4295302013422818,[0.    0.512 1.   ],[0.   0.68 1.  ],35
2.0,-0.08799999999999997,0.4615384615384615,[0.    0.528 1.   ],[0.    0.616 1.   ],36
2.0,0.10400000000000004,0.552,[0.    0.552 1.   ],[0.    0.448 1.   ],37
2.0,-0.07199999999999995,0.4693877551020408,[0.    0.552 1.   ],[0.    0.624 1.   ],38
2.0,-0.06399999999999995,0.47297297297297297,[0.   0.56 1.  ],[0.    0.624 1.   ],39
2.0,0.023999999999999966,0.5151515151515151,[0.    0.408 1.   ],[0.    0.384 1.   ],40
2.0,-0.07199999999999995,0.47239263803680986,[0.    0.616 1.   ],[0.    0.688 1.   ],41
2.0,-0.17600000000000005,0.4329268292682927,[0.    0.568 1.   ],[0.    0.744 1.   ],42
2.0,0.08799999999999997,0.5369127516778522,[0.   0.64 1.  ],[0.    0.552 1.   ],43
2.0,0.007999999999999896,0.5029239766081871,[0.    0.688 1.   ],[0.   0.68 1.  ],44
2.0,0.08000000000000002,0.5423728813559322,[0.    0.512 1.   ],[0.    0.432 1.   ],45
2.0,0.02400000000000002,0.5118110236220472,[0.   0.52 1.  ],[0.    0.496 1.   ],46
2.0,-0.040000000000000036,0.48648648648648646,[0.   0.72 1.  ],[0.   0.76 1.  ],47
2.0,0.07999999999999996,0.5357142857142857,[0.  0.6 1. ],[0.   0.52 1.  ],48
2.0,-0.22399999999999998,0.41250000000000003,[0.    0.528 1.   ],[0.    0.752 1.   ],49
2.5,0.04799999999999993,0.5176470588235295,[0.    0.704 1.   ],[0.    0.656 1.   ],0
2.5,0.03199999999999997,0.5166666666666667,[0.    0.496 1.   ],[0.    0.464 1.   ],1
2.5,-0.06399999999999995,0.47701149425287365,[0.    0.664 1.   ],[0.    0.728 1.   ],2
2.5,-0.10399999999999998,0.46327683615819215,[0.    0.656 1.   ],[0.   0.76 1.  ],3
2.5,-0.03200000000000003,0.4878048780487805,[0.   0.64 1.  ],[0.    0.672 1.   ],4
2.5,-0.10399999999999998,0.46766169154228854,[0.    0.752 1.   ],[0.    0.856 1.   ],5
2.5,-0.128,0.44936708860759494,[0.    0.568 1.   ],[0.    0.696 1.   ],6
2.5,0.0,0.5,[0.    0.656 1.   ],[0.    0.656 1.   ],7
2.5,0.128,0.576923076923077,[0.   0.48 1.  ],[0.    0.352 1.   ],8
2.5,0.07999999999999996,0.5337837837837837,[0.    0.632 1.   ],[0.    0.552 1.   ],9
2.5,0.03200000000000003,0.5126582278481012,[0.    0.648 1.   ],[0.    0.616 1.   ],10
2.5,-0.016000000000000014,0.4946236559139785,[0.    0.736 1.   ],[0.    0.752 1.   ],11
2.5,0.15200000000000002,0.5582822085889572,[0.    0.728 1.   ],[0.    0.576 1.   ],12
2.5,-0.040000000000000036,0.4883720930232558,[0.   0.84 1.  ],[0.   0.88 1.  ],13
2.5,-0.016000000000000014,0.49514563106796117,[0.    0.816 1.   ],[0.    0.832 1.   ],14
2.5,0.07200000000000006,0.5290322580645161,[0.    0.656 1.   ],[0.    0.584 1.   ],15
2.5,0.02399999999999991,0.5106382978723404,[0.    0.576 1.   ],[0.    0.552 1.   ],16
2.5,0.10399999999999998,0.5436241610738255,[0.    0.648 1.   ],[0.    0.544 1.   ],17
2.5,-0.16000000000000003,0.4418604651162791,[0.    0.608 1.   ],[0.    0.768 1.   ],18
2.5,-0.040000000000000036,0.48299319727891155,[0.    0.568 1.   ],[0.    0.608 1.   ],19
2.5,0.11199999999999999,0.5454545454545454,[0.    0.672 1.   ],[0.   0.56 1.  ],20
2.5,0.02400000000000002,0.5089820359281437,[0.   0.68 1.  ],[0.    0.656 1.   ],21
2.5,0.10399999999999998,0.5424836601307189,[0.    0.664 1.   ],[0.   0.56 1.  ],22
2.5,-0.20799999999999996,0.4197530864197531,[0.    0.544 1.   ],[0.    0.752 1.   ],23
2.5,0.040000000000000036,0.5153374233128835,[0.    0.672 1.   ],[0.    0.632 1.   ],24
2.5,-0.03200000000000003,0.4868421052631579,[0.    0.592 1.   ],[0.    0.624 1.   ],25
2.5,-0.1439999999999999,0.44230769230769235,[0.    0.552 1.   ],[0.    0.696 1.   ],26
2.5,-0.20799999999999996,0.4109589041095891,[0.   0.48 1.  ],[0.    0.688 1.   ],27
2.5,0.09599999999999997,0.536144578313253,[0.    0.712 1.   ],[0.    0.616 1.   ],28
2.5,0.07199999999999995,0.5333333333333332,[0.    0.576 1.   ],[0.    0.504 1.   ],29
2.5,0.0,0.5,[0.    0.664 1.   ],[0.    0.664 1.   ],30
2.5,0.07999999999999996,0.5277777777777778,[0.   0.76 1.  ],[0.   0.68 1.  ],31
2.5,-0.008000000000000007,0.4975845410628019,[0.    0.824 1.   ],[0.    0.832 1.   ],32
2.5,-0.19199999999999995,0.4220779220779221,[0.   0.52 1.  ],[0.    0.712 1.   ],33
2.5,-0.02400000000000002,0.48872180451127817,[0.   0.52 1.  ],[0.    0.544 1.   ],34
2.5,-0.08800000000000008,0.47058823529411764,[0.    0.704 1.   ],[0.    0.792 1.   ],35
2.5,-0.06400000000000006,0.47368421052631576,[0.    0.576 1.   ],[0.   0.64 1.  ],36
2.5,-0.02400000000000002,0.48854961832061067,[0.    0.512 1.   ],[0.    0.536 1.   ],37
2.5,0.08799999999999997,0.5337423312883436,[0.    0.696 1.   ],[0.    0.608 1.   ],38
2.5,0.0,0.5,[0.    0.664 1.   ],[0.    0.664 1.   ],39
2.5,0.0,0.5,[0.    0.592 1.   ],[0.    0.592 1.   ],40
2.5,-0.008000000000000007,0.4970414201183432,[0.    0.672 1.   ],[0.   0.68 1.  ],41
2.5,-0.12,0.4581005586592179,[0.    0.656 1.   ],[0.    0.776 1.   ],42
2.5,0.039999999999999925,0.5146198830409356,[0.    0.704 1.   ],[0.    0.664 1.   ],43
2.5,-0.08799999999999997,0.4674556213017752,[0.    0.632 1.   ],[0.   0.72 1.  ],44
2.5,-0.09599999999999997,0.4552238805970149,[0.    0.488 1.   ],[0.    0.584 1.   ],45
2.5,-0.015999999999999903,0.494186046511628,[0.   0.68 1.  ],[0.    0.696 1.   ],46
2.5,-0.18400000000000005,0.4342857142857143,[0.    0.608 1.   ],[0.    0.792 1.   ],47
2.5,-0.14400000000000002,0.44642857142857145,[0.  0.6 1. ],[0.    0.744 1.   ],48
2.5,-0.18399999999999994,0.43715846994535523,[0.   0.64 1.  ],[0.    0.824 1.   ],49
3.0,-0.20799999999999996,0.42696629213483145,[0.    0.608 1.   ],[0.    0.816 1.   ],0
3.0,-0.04799999999999993,0.48235294117647065,[0.    0.656 1.   ],[0.    0.704 1.   ],1
3.0,0.02400000000000002,0.5083798882681564,[0.    0.728 1.   ],[0.    0.704 1.   ],2
3.0,-0.16800000000000004,0.44723618090452255,[0.    0.712 1.   ],[0.   0.88 1.  ],3
3.0,0.07199999999999995,0.5323741007194244,[0.    0.592 1.   ],[0.   0.52 1.  ],4
3.0,-0.07999999999999996,0.475,[0.   0.76 1.  ],[0.   0.84 1.  ],5
3.0,0.02400000000000002,0.5089820359281437,[0.   0.68 1.  ],[0.    0.656 1.   ],6
3.0,-0.03200000000000003,0.4894736842105263,[0.    0.744 1.   ],[0.    0.776 1.   ],7
3.0,-0.05599999999999994,0.48022598870056504,[0.   0.68 1.  ],[0.    0.736 1.   ],8
3.0,-0.008000000000000007,0.4970414201183432,[0.    0.672 1.   ],[0.   0.68 1.  ],9
3.0,0.016000000000000014,0.5061728395061729,[0.    0.656 1.   ],[0.   0.64 1.  ],10
3.0,-0.03199999999999992,0.48823529411764716,[0.    0.664 1.   ],[0.    0.696 1.   ],11
3.0,0.02400000000000002,0.5079365079365079,[0.    0.768 1.   ],[0.    0.744 1.   ],12
3.0,0.06400000000000006,0.5208333333333334,[0.  0.8 1. ],[0.    0.736 1.   ],13
3.0,0.07200000000000006,0.5283018867924528,[0.    0.672 1.   ],[0.  0.6 1. ],14
3.0,-0.07199999999999995,0.4773869346733668,[0.   0.76 1.  ],[0.    0.832 1.   ],15
3.0,-0.03200000000000003,0.48863636363636365,[0.    0.688 1.   ],[0.   0.72 1.  ],16
3.0,0.08000000000000007,0.5260416666666667,[0.    0.808 1.   ],[0.    0.728 1.   ],17
3.0,0.03199999999999992,0.5117647058823529,[0.    0.696 1.   ],[0.    0.664 1.   ],18
3.0,-0.06399999999999995,0.475609756097561,[0.    0.624 1.   ],[0.    0.688 1.   ],19
3.0,-0.039999999999999925,0.48201438848920863,[0.    0.536 1.   ],[0.    0.576 1.   ],20
3.0,0.11199999999999999,0.5421686746987953,[0.   0.72 1.  ],[0.    0.608 1.   ],21
3.0,-0.09599999999999997,0.47087378640776695,[0.    0.776 1.   ],[0.    0.872 1.   ],22
3.0,-0.016000000000000014,0.49390243902439024,[0.    0.648 1.   ],[0.    0.664 1.   ],23
3.0,0.05600000000000005,0.5195530726256984,[0.    0.744 1.   ],[0.    0.688 1.   ],24
3.0,-0.06399999999999995,0.4764705882352942,[0.    0.648 1.   ],[0.    0.712 1.   ],25
3.0,0.19199999999999995,0.5789473684210527,[0.    0.704 1.   ],[0.    0.512 1.   ],26
3.0,-0.04800000000000004,0.4817073170731707,[0.    0.632 1.   ],[0.   0.68 1.  ],27
3.0,-0.128,0.45061728395061734,[0.    0.584 1.   ],[0.    0.712 1.   ],28
3.0,-0.05600000000000005,0.4816753926701571,[0.    0.736 1.   ],[0.    0.792 1.   ],29
3.0,0.05600000000000005,0.5267175572519084,[0.    0.552 1.   ],[0.    0.496 1.   ],30
3.0,-0.03200000000000003,0.48666666666666664,[0.    0.584 1.   ],[0.    0.616 1.   ],31
3.0,0.07999999999999996,0.5284090909090909,[0.    0.744 1.   ],[0.    0.664 1.   ],32
3.0,0.055999999999999994,0.5289256198347108,[0.    0.512 1.   ],[0.    0.456 1.   ],33
3.0,0.09599999999999997,0.5441176470588235,[0.    0.592 1.   ],[0.    0.496 1.   ],34
3.0,0.040000000000000036,0.515527950310559,[0.    0.664 1.   ],[0.    0.624 1.   ],35
3.0,-0.07999999999999996,0.46951219512195125,[0.    0.616 1.   ],[0.    0.696 1.   ],36
3.0,0.0,0.5,[0.   0.76 1.  ],[0.   0.76 1.  ],37
3.0,-0.008000000000000007,0.49732620320855614,[0.    0.744 1.   ],[0.    0.752 1.   ],38
3.0,0.05600000000000005,0.5193370165745856,[0.    0.752 1.   ],[0.    0.696 1.   ],39
3.0,-0.06400000000000006,0.4787234042553191,[0.   0.72 1.  ],[0.    0.784 1.   ],40
3.0,0.0,0.5,[0.    0.616 1.   ],[0.    0.616 1.   ],41
3.0,-0.05599999999999994,0.4755244755244755,[0.    0.544 1.   ],[0.  0.6 1. ],42
3.0,0.02400000000000002,0.5078534031413613,[0.    0.776 1.   ],[0.    0.752 1.   ],43
3.0,0.07199999999999995,0.5257142857142857,[0.    0.736 1.   ],[0.    0.664 1.   ],44
3.0,-0.03200000000000003,0.489010989010989,[0.    0.712 1.   ],[0.    0.744 1.   ],45
3.0,-0.128,0.456989247311828,[0.   0.68 1.  ],[0.    0.808 1.   ],46
3.0,0.06400000000000006,0.5307692307692308,[0.    0.552 1.   ],[0.    0.488 1.   ],47
3.0,-0.14400000000000002,0.45054945054945056,[0.    0.656 1.   ],[0.  0.8 1. ],48
3.0,0.12,0.5471698113207548,[0.    0.696 1.   ],[0.    0.576 1.   ],49
3.5,-0.07999999999999996,0.4757281553398058,[0.    0.784 1.   ],[0.    0.864 1.   ],0
3.5,-0.02400000000000002,0.49238578680203043,[0.    0.776 1.   ],[0.  0.8 1. ],1
3.5,-0.07200000000000006,0.47567567567567565,[0.    0.704 1.   ],[0.    0.776 1.   ],2
3.5,0.128,0.5454545454545455,[0.    0.768 1.   ],[0.   0.64 1.  ],3
3.5,-0.008000000000000007,0.49743589743589745,[0.    0.776 1.   ],[0.    0.784 1.   ],4
3.5,0.08799999999999997,0.5364238410596026,[0.    0.648 1.   ],[0.   0.56 1.  ],5
3.5,-0.04800000000000004,0.48387096774193544,[0.   0.72 1.  ],[0.    0.768 1.   ],6
3.5,-0.016000000000000014,0.4943820224719101,[0.    0.704 1.   ],[0.   0.72 1.  ],7
3.5,0.05600000000000005,0.517948717948718,[0.    0.808 1.   ],[0.    0.752 1.   ],8
3.5,0.128,0.5421052631578946,[0.    0.824 1.   ],[0.    0.696 1.   ],9
3.5,0.02400000000000002,0.5084745762711864,[0.   0.72 1.  ],[0.    0.696 1.   ],10
3.5,-0.136,0.4585365853658536,[0.    0.752 1.   ],[0.    0.888 1.   ],11
3.5,-0.039999999999999925,0.4850299401197605,[0.    0.648 1.   ],[0.    0.688 1.   ],12
3.5,-0.07199999999999995,0.47239263803680986,[0.    0.616 1.   ],[0.    0.688 1.   ],13
3.5,-0.03200000000000003,0.489247311827957,[0.    0.728 1.   ],[0.   0.76 1.  ],14
3.5,0.008000000000000007,0.503448275862069,[0.    0.584 1.   ],[0.    0.576 1.   ],15
3.5,-0.08000000000000007,0.47368421052631576,[0.   0.72 1.  ],[0.  0.8 1. ],16
3.5,-0.03199999999999992,0.4900990099009901,[0.    0.792 1.   ],[0.    0.824 1.   ],17
3.5,0.02400000000000002,0.5083798882681564,[0.    0.728 1.   ],[0.    0.704 1.   ],18
3.5,0.02400000000000002,0.5081967213114754,[0.    0.744 1.   ],[0.   0.72 1.  ],19
3.5,-0.07999999999999996,0.4698795180722892,[0.    0.624 1.   ],[0.    0.704 1.   ],20
3.5,0.016000000000000014,0.5055555555555555,[0.    0.728 1.   ],[0.    0.712 1.   ],21
3.5,-0.008000000000000007,0.4973544973544973,[0.    0.752 1.   ],[0.   0.76 1.  ],22
3.5,0.02400000000000002,0.5076923076923077,[0.    0.792 1.   ],[0.    0.768 1.   ],23
3.5,-0.008000000000000007,0.49746192893401014,[0.    0.784 1.   ],[0.    0.792 1.   ],24
3.5,0.09599999999999997,0.53125,[0.    0.816 1.   ],[0.   0.72 1.  ],25
3.5,0.15200000000000002,0.5536723163841808,[0.    0.784 1.   ],[0.    0.632 1.   ],26
3.5,-0.12,0.4581005586592179,[0.    0.656 1.   ],[0.    0.776 1.   ],27
3.5,0.128,0.5547945205479452,[0.    0.648 1.   ],[0.   0.52 1.  ],28
3.5,-0.04800000000000004,0.4817073170731707,[0.    0.632 1.   ],[0.   0.68 1.  ],29
3.5,0.05600000000000005,0.5187165775401069,[0.    0.776 1.   ],[0.   0.72 1.  ],30
3.5,-0.07200000000000006,0.4751381215469613,[0.    0.688 1.   ],[0.   0.76 1.  ],31
3.5,-0.03200000000000003,0.4887640449438202,[0.    0.696 1.   ],[0.    0.728 1.   ],32
3.5,-0.07999999999999996,0.4709302325581396,[0.    0.648 1.   ],[0.    0.728 1.   ],33
3.5,0.016000000000000014,0.5060975609756098,[0.    0.664 1.   ],[0.    0.648 1.   ],34
3.5,-0.008000000000000007,0.49740932642487046,[0.    0.768 1.   ],[0.    0.776 1.   ],35
3.5,0.06399999999999995,0.5235294117647059,[0.    0.712 1.   ],[0.    0.648 1.   ],36
3.5,0.0,0.5,[0.   0.56 1.  ],[0.   0.56 1.  ],37
3.5,-0.016000000000000014,0.49473684210526314,[0.    0.752 1.   ],[0.    0.768 1.   ],38
3.5,0.10399999999999998,0.5398773006134969,[0.    0.704 1.   ],[0.  0.6 1. ],39
3.5,0.05599999999999994,0.5207100591715976,[0.    0.704 1.   ],[0.    0.648 1.   ],40
3.5,0.136,0.5765765765765766,[0.    0.512 1.   ],[0.    0.376 1.   ],41
3.5,-0.02400000000000002,0.4919786096256684,[0.    0.736 1.   ],[0.   0.76 1.  ],42
3.5,0.08000000000000007,0.5263157894736842,[0.  0.8 1. ],[0.   0.72 1.  ],43
3.5,-0.07999999999999996,0.4719101123595506,[0.    0.672 1.   ],[0.    0.752 1.   ],44
3.5,0.039999999999999925,0.514792899408284,[0.    0.696 1.   ],[0.    0.656 1.   ],45
3.5,-0.040000000000000036,0.48648648648648646,[0.   0.72 1.  ],[0.   0.76 1.  ],46
3.5,-0.008000000000000007,0.4973544973544973,[0.    0.752 1.   ],[0.   0.76 1.  ],47
3.5,-0.023999999999999966,0.4873949579831933,[0.    0.464 1.   ],[0.    0.488 1.   ],48
3.5,0.02400000000000002,0.5077720207253886,[0.    0.784 1.   ],[0.   0.76 1.  ],49
5.0,-0.008000000000000007,0.49714285714285716,[0.    0.696 1.   ],[0.    0.704 1.   ],0
5.0,0.016000000000000014,0.5072463768115942,[0.   0.56 1.  ],[0.    0.544 1.   ],1
5.0,-0.03200000000000003,0.4888888888888889,[0.    0.704 1.   ],[0.    0.736 1.   ],2
5.0,0.02400000000000002,0.5072463768115942,[0.   0.84 1.  ],[0.    0.816 1.   ],3
5.0,-0.10399999999999998,0.4636871508379889,[0.    0.664 1.   ],[0.    0.768 1.   ],4
5.0,0.016000000000000014,0.5056179775280899,[0.   0.72 1.  ],[0.    0.704 1.   ],5
5.0,-0.03199999999999992,0.48823529411764716,[0.    0.664 1.   ],[0.    0.696 1.   ],6
5.0,-0.05600000000000005,0.48066298342541436,[0.    0.696 1.   ],[0.    0.752 1.   ],7
5.0,0.136,0.5534591194968554,[0.    0.704 1.   ],[0.    0.568 1.   ],8
5.0,-0.02399999999999991,0.4925373134328358,[0.    0.792 1.   ],[0.    0.816 1.   ],9
5.0,0.04800000000000004,0.5161290322580645,[0.    0.768 1.   ],[0.   0.72 1.  ],10
5.0,0.03199999999999992,0.5114942528735632,[0.    0.712 1.   ],[0.   0.68 1.  ],11
5.0,-0.08799999999999997,0.4682080924855492,[0.    0.648 1.   ],[0.    0.736 1.   ],12
5.0,0.19199999999999995,0.577922077922078,[0.    0.712 1.   ],[0.   0.52 1.  ],13
5.0,0.09599999999999997,0.5352941176470588,[0.    0.728 1.   ],[0.    0.632 1.   ],14
5.0,-0.08000000000000007,0.4739583333333333,[0.    0.728 1.   ],[0.    0.808 1.   ],15
5.0,0.008000000000000007,0.5026737967914439,[0.    0.752 1.   ],[0.    0.744 1.   ],16
5.0,0.02400000000000002,0.5070422535211268,[0.    0.864 1.   ],[0.   0.84 1.  ],17
5.0,0.03200000000000003,0.5128205128205129,[0.   0.64 1.  ],[0.    0.608 1.   ],18
5.0,0.016000000000000014,0.5046728971962617,[0.    0.864 1.   ],[0.    0.848 1.   ],19
5.0,0.08799999999999997,0.5268292682926828,[0.    0.864 1.   ],[0.    0.776 1.   ],20
5.0,0.09599999999999997,0.5340909090909092,[0.    0.752 1.   ],[0.    0.656 1.   ],21
5.0,0.039999999999999925,0.5149700598802396,[0.    0.688 1.   ],[0.    0.648 1.   ],22
5.0,0.040000000000000036,0.5153374233128835,[0.    0.672 1.   ],[0.    0.632 1.   ],23
5.0,0.04799999999999993,0.5174418604651163,[0.    0.712 1.   ],[0.    0.664 1.   ],24
5.0,0.11199999999999999,0.5443037974683544,[0.    0.688 1.   ],[0.    0.576 1.   ],25
5.0,0.016000000000000014,0.5052631578947369,[0.    0.768 1.   ],[0.    0.752 1.   ],26
5.0,0.10399999999999998,0.5389221556886228,[0.   0.72 1.  ],[0.    0.616 1.   ],27
5.0,0.08799999999999997,0.5401459854014597,[0.    0.592 1.   ],[0.    0.504 1.   ],28
5.0,-0.07199999999999995,0.47761194029850745,[0.    0.768 1.   ],[0.   0.84 1.  ],29
5.0,-0.08800000000000008,0.4712041884816754,[0.   0.72 1.  ],[0.    0.808 1.   ],30
5.0,-0.008000000000000007,0.49732620320855614,[0.    0.744 1.   ],[0.    0.752 1.   ],31
5.0,-0.03200000000000003,0.489010989010989,[0.    0.712 1.   ],[0.    0.744 1.   ],32
5.0,0.04799999999999993,0.5149999999999999,[0.    0.824 1.   ],[0.    0.776 1.   ],33
5.0,0.03200000000000003,0.5104166666666666,[0.    0.784 1.   ],[0.    0.752 1.   ],34
5.0,0.12,0.5433526011560694,[0.    0.752 1.   ],[0.    0.632 1.   ],35
5.0,0.040000000000000036,0.5130890052356021,[0.    0.784 1.   ],[0.    0.744 1.   ],36
5.0,0.06399999999999995,0.5227272727272727,[0.    0.736 1.   ],[0.    0.672 1.   ],37
5.0,-0.02400000000000002,0.49142857142857144,[0.    0.688 1.   ],[0.    0.712 1.   ],38
5.0,-0.016000000000000014,0.4947916666666667,[0.   0.76 1.  ],[0.    0.776 1.   ],39
5.0,0.07200000000000006,0.5279503105590062,[0.   0.68 1.  ],[0.    0.608 1.   ],40
5.0,0.07199999999999995,0.5217391304347826,[0.    0.864 1.   ],[0.    0.792 1.   ],41
5.0,0.0,0.5,[0.    0.848 1.   ],[0.    0.848 1.   ],42
5.0,0.09599999999999997,0.532967032967033,[0.    0.776 1.   ],[0.   0.68 1.  ],43
5.0,0.09600000000000009,0.531578947368421,[0.    0.808 1.   ],[0.    0.712 1.   ],44
5.0,0.07999999999999996,0.5304878048780488,[0.    0.696 1.   ],[0.    0.616 1.   ],45
5.0,-0.03200000000000003,0.4897959183673469,[0.    0.768 1.   ],[0.  0.8 1. ],46
5.0,0.02400000000000002,0.5081967213114754,[0.    0.744 1.   ],[0.   0.72 1.  ],47
5.0,0.06400000000000006,0.5217391304347826,[0.    0.768 1.   ],[0.    0.704 1.   ],48
5.0,0.04800000000000004,0.5202702702702703,[0.    0.616 1.   ],[0.    0.568 1.   ],49
7.0,0.11199999999999999,0.5380434782608696,[0.    0.792 1.   ],[0.   0.68 1.  ],0
7.0,0.128,0.5465116279069768,[0.    0.752 1.   ],[0.    0.624 1.   ],1
7.0,0.03200000000000003,0.5106382978723404,[0.    0.768 1.   ],[0.    0.736 1.   ],2
7.0,0.05600000000000005,0.5217391304347826,[0.    0.672 1.   ],[0.    0.616 1.   ],3
7.0,0.0,0.5,[0.    0.728 1.   ],[0.    0.728 1.   ],4
7.0,0.016000000000000014,0.5054347826086957,[0.    0.744 1.   ],[0.    0.728 1.   ],5
7.0,-0.04800000000000004,0.48387096774193544,[0.   0.72 1.  ],[0.    0.768 1.   ],6
7.0,0.02400000000000002,0.5076923076923077,[0.    0.792 1.   ],[0.    0.768 1.   ],7
7.0,0.016000000000000014,0.5053191489361702,[0.   0.76 1.  ],[0.    0.744 1.   ],8
7.0,0.136,0.5474860335195532,[0.    0.784 1.   ],[0.    0.648 1.   ],9
7.0,0.040000000000000036,0.5133689839572193,[0.    0.768 1.   ],[0.    0.728 1.   ],10
7.0,0.136,0.544041450777202,[0.   0.84 1.  ],[0.    0.704 1.   ],11
7.0,0.03200000000000003,0.5108695652173914,[0.    0.752 1.   ],[0.   0.72 1.  ],12
7.0,0.136,0.545945945945946,[0.    0.808 1.   ],[0.    0.672 1.   ],13
7.0,0.04800000000000004,0.5154639175257733,[0.  0.8 1. ],[0.    0.752 1.   ],14
7.0,0.0,0.5,[0.    0.768 1.   ],[0.    0.768 1.   ],15
7.0,0.04800000000000004,0.5157894736842106,[0.    0.784 1.   ],[0.    0.736 1.   ],16
7.0,0.007999999999999896,0.5024630541871921,[0.    0.816 1.   ],[0.    0.808 1.   ],17
7.0,0.256,0.5888888888888889,[0.    0.848 1.   ],[0.    0.592 1.   ],18
7.0,0.0,0.5,[0.    0.696 1.   ],[0.    0.696 1.   ],19
7.0,0.09599999999999997,0.5288461538461539,[0.   0.88 1.  ],[0.    0.784 1.   ],20
7.0,0.008000000000000007,0.5027322404371585,[0.    0.736 1.   ],[0.    0.728 1.   ],21
7.0,0.06399999999999995,0.520408163265306,[0.    0.816 1.   ],[0.    0.752 1.   ],22
7.0,0.08799999999999997,0.5273631840796019,[0.    0.848 1.   ],[0.   0.76 1.  ],23
7.0,-0.040000000000000036,0.4881516587677725,[0.    0.824 1.   ],[0.    0.864 1.   ],24
7.0,0.12,0.5443786982248521,[0.    0.736 1.   ],[0.    0.616 1.   ],25
7.0,0.04800000000000004,0.515625,[0.    0.792 1.   ],[0.    0.744 1.   ],26
7.0,0.08000000000000007,0.5265957446808511,[0.    0.792 1.   ],[0.    0.712 1.   ],27
7.0,0.03200000000000003,0.510989010989011,[0.    0.744 1.   ],[0.    0.712 1.   ],28
7.0,0.07199999999999995,0.5251396648044693,[0.    0.752 1.   ],[0.   0.68 1.  ],29
7.0,0.016000000000000014,0.5060975609756098,[0.    0.664 1.   ],[0.    0.648 1.   ],30
7.0,0.14400000000000002,0.5473684210526315,[0.    0.832 1.   ],[0.    0.688 1.   ],31
7.0,0.14400000000000002,0.5449999999999999,[0.    0.872 1.   ],[0.    0.728 1.   ],32
7.0,0.05599999999999994,0.5169082125603864,[0.    0.856 1.   ],[0.  0.8 1. ],33
7.0,0.06399999999999995,0.5277777777777777,[0.    0.608 1.   ],[0.    0.544 1.   ],34
7.0,0.16000000000000003,0.5495049504950494,[0.    0.888 1.   ],[0.    0.728 1.   ],35
7.0,-0.03200000000000003,0.4888888888888889,[0.    0.704 1.   ],[0.    0.736 1.   ],36
7.0,0.09600000000000009,0.5322580645161291,[0.    0.792 1.   ],[0.    0.696 1.   ],37
7.0,0.02400000000000002,0.5080213903743316,[0.   0.76 1.  ],[0.    0.736 1.   ],38
7.0,0.04800000000000004,0.5153061224489796,[0.    0.808 1.   ],[0.   0.76 1.  ],39
7.0,0.03200000000000003,0.510752688172043,[0.   0.76 1.  ],[0.    0.728 1.   ],40
7.0,-0.016000000000000014,0.4945054945054945,[0.   0.72 1.  ],[0.    0.736 1.   ],41
7.0,0.0,0.5,[0.   0.68 1.  ],[0.   0.68 1.  ],42
7.0,0.02400000000000002,0.5076923076923077,[0.    0.792 1.   ],[0.    0.768 1.   ],43
7.0,0.03200000000000003,0.5108695652173914,[0.    0.752 1.   ],[0.   0.72 1.  ],44
7.0,0.03200000000000003,0.5111111111111111,[0.    0.736 1.   ],[0.    0.704 1.   ],45
7.0,0.11199999999999999,0.538888888888889,[0.    0.776 1.   ],[0.    0.664 1.   ],46
7.0,0.23199999999999998,0.5775401069518716,[0.    0.864 1.   ],[0.    0.632 1.   ],47
7.0,0.02400000000000002,0.507537688442211,[0.    0.808 1.   ],[0.    0.784 1.   ],48
7.0,-0.02400000000000002,0.4924623115577889,[0.    0.784 1.   ],[0.    0.808 1.   ],49
9.0,0.039999999999999925,0.5120772946859903,[0.    0.848 1.   ],[0.    0.808 1.   ],0
9.0,0.136,0.545945945945946,[0.    0.808 1.   ],[0.    0.672 1.   ],1
9.0,-0.02400000000000002,0.4923076923076923,[0.    0.768 1.   ],[0.    0.792 1.   ],2
9.0,0.08799999999999997,0.5279187817258882,[0.    0.832 1.   ],[0.    0.744 1.   ],3
9.0,0.039999999999999925,0.5123152709359605,[0.    0.832 1.   ],[0.    0.792 1.   ],4
9.0,0.14400000000000002,0.5463917525773195,[0.    0.848 1.   ],[0.    0.704 1.   ],5
9.0,0.08000000000000007,0.5328947368421053,[0.    0.648 1.   ],[0.    0.568 1.   ],6
9.0,0.015999999999999903,0.5049019607843137,[0.    0.824 1.   ],[0.    0.808 1.   ],7
9.0,-0.05600000000000005,0.48372093023255813,[0.    0.832 1.   ],[0.    0.888 1.   ],8
9.0,0.09599999999999997,0.5299999999999999,[0.    0.848 1.   ],[0.    0.752 1.   ],9
9.0,0.11199999999999999,0.5346534653465346,[0.    0.864 1.   ],[0.    0.752 1.   ],10
9.0,0.03199999999999992,0.5097087378640777,[0.   0.84 1.  ],[0.    0.808 1.   ],11
9.0,0.016000000000000014,0.5048076923076923,[0.   0.84 1.  ],[0.    0.824 1.   ],12
9.0,0.19200000000000006,0.5689655172413793,[0.    0.792 1.   ],[0.  0.6 1. ],13
9.0,0.05599999999999994,0.5169082125603864,[0.    0.856 1.   ],[0.  0.8 1. ],14
9.0,0.08799999999999997,0.5282051282051281,[0.    0.824 1.   ],[0.    0.736 1.   ],15
9.0,0.17600000000000005,0.5743243243243242,[0.   0.68 1.  ],[0.    0.504 1.   ],16
9.0,0.040000000000000036,0.5129533678756477,[0.    0.792 1.   ],[0.    0.752 1.   ],17
9.0,0.07999999999999996,0.5238095238095237,[0.   0.88 1.  ],[0.  0.8 1. ],18
9.0,0.008000000000000007,0.502262443438914,[0.    0.888 1.   ],[0.   0.88 1.  ],19
9.0,0.12,0.5384615384615384,[0.   0.84 1.  ],[0.   0.72 1.  ],20
9.0,0.03200000000000003,0.5108695652173914,[0.    0.752 1.   ],[0.   0.72 1.  ],21
9.0,0.04799999999999993,0.5148514851485148,[0.    0.832 1.   ],[0.    0.784 1.   ],22
9.0,0.128,0.5421052631578946,[0.    0.824 1.   ],[0.    0.696 1.   ],23
9.0,-0.02400000000000002,0.49189189189189186,[0.    0.728 1.   ],[0.    0.752 1.   ],24
9.0,0.12,0.5405405405405406,[0.  0.8 1. ],[0.   0.68 1.  ],25
9.0,0.03200000000000003,0.5113636363636364,[0.   0.72 1.  ],[0.    0.688 1.   ],26
9.0,0.09600000000000009,0.5322580645161291,[0.    0.792 1.   ],[0.    0.696 1.   ],27
9.0,0.17600000000000005,0.5611111111111111,[0.    0.808 1.   ],[0.    0.632 1.   ],28
9.0,0.07999999999999996,0.5252525252525252,[0.    0.832 1.   ],[0.    0.752 1.   ],29
9.0,0.11199999999999999,0.5393258426966292,[0.    0.768 1.   ],[0.    0.656 1.   ],30
9.0,0.040000000000000036,0.5119617224880383,[0.    0.856 1.   ],[0.    0.816 1.   ],31
9.0,0.015999999999999903,0.5049504950495048,[0.    0.816 1.   ],[0.  0.8 1. ],32
9.0,0.14400000000000002,0.5494505494505495,[0.  0.8 1. ],[0.    0.656 1.   ],33
9.0,0.12,0.5396825396825397,[0.    0.816 1.   ],[0.    0.696 1.   ],34
9.0,0.016000000000000014,0.5053763440860215,[0.    0.752 1.   ],[0.    0.736 1.   ],35
9.0,0.16000000000000003,0.5476190476190476,[0.   0.92 1.  ],[0.   0.76 1.  ],36
9.0,0.09599999999999997,0.5337078651685394,[0.   0.76 1.  ],[0.    0.664 1.   ],37
9.0,0.07200000000000006,0.5243243243243243,[0.    0.776 1.   ],[0.    0.704 1.   ],38
9.0,0.136,0.5502958579881657,[0.    0.744 1.   ],[0.    0.608 1.   ],39
9.0,-0.008000000000000007,0.4975845410628019,[0.    0.824 1.   ],[0.    0.832 1.   ],40
9.0,0.02400000000000002,0.507537688442211,[0.    0.808 1.   ],[0.    0.784 1.   ],41
9.0,0.14400000000000002,0.5473684210526315,[0.    0.832 1.   ],[0.    0.688 1.   ],42
9.0,0.03199999999999992,0.5097087378640777,[0.   0.84 1.  ],[0.    0.808 1.   ],43
9.0,-0.02400000000000002,0.49295774647887325,[0.   0.84 1.  ],[0.    0.864 1.   ],44
9.0,0.08800000000000008,0.5248868778280543,[0.    0.928 1.   ],[0.   0.84 1.  ],45
9.0,0.016000000000000014,0.5050505050505051,[0.  0.8 1. ],[0.    0.784 1.   ],46
9.0,0.136,0.5422885572139303,[0.    0.872 1.   ],[0.    0.736 1.   ],47
9.0,0.03200000000000003,0.510752688172043,[0.   0.76 1.  ],[0.    0.728 1.   ],48
9.0,0.07200000000000006,0.5245901639344263,[0.    0.768 1.   ],[0.    0.696 1.   ],49
